{
	"total_grade": 25,
	"review_count": 5,
	"datas": [
		{
			"name": "yongnamchoong",
			"gender": "M",
			"age": "13",
			"phone": "0103333",
			"happiness": 10,
			"anger": 2,
			"sadness": 3,
			"grade": 5,
			"time": "2021/11/16 19:01:18"
		},
		{
			"name": "yongrangpia",
			"gender": "F",
			"age": "12",
			"phone": "0102222",
			"happiness": 10,
			"anger": 2,
			"sadness": 3,
			"grade": 5,
			"time": "2021/11/16 19:01:30"
		},
		{
			"name": "yongDDag",
			"gender": "M",
			"age": "14",
			"phone": "0104444",
			"happiness": 10,
			"anger": 2,
			"sadness": 3,
			"grade": 5,
			"time": "2021/11/16 19:05:16"
		},
		{
			"name": "yongDDag",
			"gender": "M",
			"age": "14",
			"phone": "0104444",
			"happiness": 10,
			"anger": 2,
			"sadness": 3,
			"grade": 5,
			"time": "2021/11/16 20:51:31"
		},
		{
			"name": "yongnamchoong",
			"gender": "M",
			"age": "13",
			"phone": "0103333",
			"happiness": 10,
			"anger": 2,
			"sadness": 3,
			"grade": 5,
			"time": "2021/11/16 20:54:35"
		}
	]
}